0.09900990099009901,0.0,0.039603960396039604,0.019801980198019802,0.1782178217821782,0.039603960396039604,0.0297029702970297,0.06930693069306931,0.009900990099009901,0.009900990099009901,0.09900990099009901,0.0,0.0,0.0,0.019801980198019802,0.1188118811881188,0.0,0.0,0.009900990099009901,0.0,0.09900990099009901,0.0297029702970297,0.0297029702970297,0.0,0.0,0.0891089108910891,0.009900990099009901,0.0,1.0
0.12,0.0,0.0,0.02,0.2,0.02,0.02,0.0,0.08,0.0,0.12,0.02,0.0,0.02,0.0,0.16,0.0,0.0,0.0,0.0,0.1,0.06,0.02,0.0,0.0,0.02,0.02,0.0,1.0
0.0,0.0,0.0,0.0,0.1,0.3,0.0,0.0,0.0,0.0,0.1,0.0,0.0,0.0,0.0,0.0,0.0,0.0,0.0,0.0,0.3,0.0,0.1,0.0,0.0,0.1,0.0,1.0,1.0
0.044585987261146494,0.0,0.012738853503184714,0.012738853503184714,0.2356687898089172,0.08280254777070063,0.03821656050955414,0.10191082802547771,0.03821656050955414,0.012738853503184714,0.18471337579617833,0.0,0.0,0.01910828025477707,0.050955414012738856,0.044585987261146494,0.0,0.025477707006369428,0.0,0.0,0.03821656050955414,0.0,0.01910828025477707,0.006369426751592357,0.025477707006369428,0.0,0.006369426751592357,1.0,1.0
0.058823529411764705,0.0,0.0,0.0,0.2549019607843137,0.1568627450980392,0.0,0.0,0.0196078431372549,0.0,0.09803921568627451,0.0,0.0,0.0,0.0,0.0392156862745098,0.0,0.0196078431372549,0.0,0.0,0.17647058823529413,0.0,0.0392156862745098,0.0,0.0,0.09803921568627451,0.0392156862745098,1.0,1.0
0.05263157894736842,0.0,0.02631578947368421,0.06578947368421052,0.17105263157894737,0.09210526315789473,0.0,0.06578947368421052,0.05263157894736842,0.0,0.05263157894736842,0.0,0.0,0.02631578947368421,0.039473684210526314,0.05263157894736842,0.0,0.0,0.0,0.0,0.21052631578947367,0.0,0.013157894736842105,0.0,0.013157894736842105,0.05263157894736842,0.013157894736842105,1.0,1.0
0.05128205128205128,0.0,0.0,0.05128205128205128,0.1282051282051282,0.05128205128205128,0.08974358974358974,0.1794871794871795,0.0641025641025641,0.0,0.19230769230769232,0.0,0.0,0.01282051282051282,0.02564102564102564,0.038461538461538464,0.0,0.01282051282051282,0.01282051282051282,0.0,0.038461538461538464,0.0,0.038461538461538464,0.0,0.01282051282051282,0.0,0.0,1.0,1.0
0.15714285714285714,0.02857142857142857,0.0,0.02857142857142857,0.15714285714285714,0.08571428571428572,0.0,0.05714285714285714,0.014285714285714285,0.0,0.08571428571428572,0.0,0.0,0.014285714285714285,0.014285714285714285,0.08571428571428572,0.014285714285714285,0.0,0.014285714285714285,0.014285714285714285,0.04285714285714286,0.04285714285714286,0.07142857142857142,0.0,0.0,0.07142857142857142,0.0,1.0,0.0
0.10309278350515463,0.010309278350515464,0.0,0.041237113402061855,0.10309278350515463,0.08247422680412371,0.030927835051546393,0.15463917525773196,0.010309278350515464,0.010309278350515464,0.09278350515463918,0.0,0.0,0.0,0.010309278350515464,0.09278350515463918,0.0,0.041237113402061855,0.0,0.0,0.10309278350515463,0.010309278350515464,0.030927835051546393,0.010309278350515464,0.010309278350515464,0.041237113402061855,0.010309278350515464,1.0,0.0
0.06593406593406594,0.02197802197802198,0.0,0.03296703296703297,0.15384615384615385,0.06593406593406594,0.03296703296703297,0.06593406593406594,0.01098901098901099,0.0,0.14285714285714285,0.0,0.0,0.01098901098901099,0.0,0.14285714285714285,0.0,0.01098901098901099,0.01098901098901099,0.0,0.10989010989010989,0.03296703296703297,0.02197802197802198,0.0,0.0,0.04395604395604396,0.02197802197802198,1.0,0.0
0.0625,0.0,0.0,0.010416666666666666,0.21875,0.09375,0.0,0.0625,0.010416666666666666,0.010416666666666666,0.10416666666666667,0.0,0.0,0.020833333333333332,0.0,0.125,0.0,0.0,0.0,0.0,0.15625,0.020833333333333332,0.020833333333333332,0.0,0.010416666666666666,0.07291666666666667,0.0,1.0,0.0
0.07692307692307693,0.017094017094017096,0.02564102564102564,0.05982905982905983,0.15384615384615385,0.02564102564102564,0.017094017094017096,0.1282051282051282,0.0,0.008547008547008548,0.1282051282051282,0.0,0.008547008547008548,0.008547008547008548,0.02564102564102564,0.017094017094017096,0.0,0.02564102564102564,0.02564102564102564,0.0,0.07692307692307693,0.0,0.08547008547008547,0.0,0.02564102564102564,0.05128205128205128,0.008547008547008548,1.0,0.0
0.1308411214953271,0.009345794392523364,0.0,0.0,0.22429906542056074,0.09345794392523364,0.009345794392523364,0.018691588785046728,0.009345794392523364,0.009345794392523364,0.11214953271028037,0.009345794392523364,0.0,0.0,0.0,0.08411214953271028,0.009345794392523364,0.018691588785046728,0.0,0.0,0.16822429906542055,0.018691588785046728,0.028037383177570093,0.0,0.0,0.018691588785046728,0.028037383177570093,1.0,0.0
0.125,0.0,0.0,0.013888888888888888,0.2916666666666667,0.041666666666666664,0.0,0.041666666666666664,0.0,0.013888888888888888,0.125,0.0,0.0,0.0,0.013888888888888888,0.20833333333333334,0.0,0.013888888888888888,0.0,0.0,0.1111111111111111,0.0,0.0,0.0,0.0,0.0,0.0,1.0,0.0
0.10526315789473684,0.0,0.02631578947368421,0.005263157894736842,0.2,0.05789473684210526,0.042105263157894736,0.08947368421052632,0.02631578947368421,0.015789473684210527,0.05789473684210526,0.005263157894736842,0.0,0.005263157894736842,0.005263157894736842,0.11052631578947368,0.0,0.010526315789473684,0.0,0.015789473684210527,0.10526315789473684,0.0,0.042105263157894736,0.0,0.031578947368421054,0.042105263157894736,0.0,1.0,0.0
0.15584415584415584,0.012987012987012988,0.0,0.012987012987012988,0.22077922077922077,0.06493506493506493,0.0,0.012987012987012988,0.0,0.0,0.11688311688311688,0.0,0.0,0.0,0.0,0.06493506493506493,0.012987012987012988,0.0,0.012987012987012988,0.0,0.18181818181818182,0.012987012987012988,0.05194805194805195,0.0,0.0,0.05194805194805195,0.012987012987012988,1.0,1.0
0.06493506493506493,0.0,0.012987012987012988,0.05194805194805195,0.11688311688311688,0.03896103896103896,0.025974025974025976,0.11688311688311688,0.03896103896103896,0.012987012987012988,0.05194805194805195,0.012987012987012988,0.0,0.012987012987012988,0.0,0.025974025974025976,0.012987012987012988,0.0,0.0,0.0,0.15584415584415584,0.012987012987012988,0.0,0.0,0.0,0.19480519480519481,0.03896103896103896,1.0,1.0
0.07526881720430108,0.0,0.0,0.010752688172043012,0.16129032258064516,0.053763440860215055,0.010752688172043012,0.043010752688172046,0.03225806451612903,0.021505376344086023,0.0967741935483871,0.0,0.0,0.010752688172043012,0.021505376344086023,0.0967741935483871,0.0,0.0,0.03225806451612903,0.0,0.20430107526881722,0.021505376344086023,0.043010752688172046,0.0,0.0,0.043010752688172046,0.021505376344086023,0.0,0.0
0.0989010989010989,0.0,0.02197802197802198,0.03296703296703297,0.1978021978021978,0.01098901098901099,0.01098901098901099,0.08791208791208792,0.02197802197802198,0.0,0.13186813186813187,0.0,0.0,0.054945054945054944,0.01098901098901099,0.054945054945054944,0.01098901098901099,0.01098901098901099,0.0,0.0,0.12087912087912088,0.02197802197802198,0.03296703296703297,0.0,0.03296703296703297,0.02197802197802198,0.01098901098901099,1.0,1.0
0.10975609756097561,0.012195121951219513,0.012195121951219513,0.012195121951219513,0.17073170731707318,0.08536585365853659,0.0,0.06097560975609756,0.024390243902439025,0.0,0.07317073170731707,0.012195121951219513,0.0,0.0,0.012195121951219513,0.14634146341463414,0.0,0.0,0.012195121951219513,0.012195121951219513,0.10975609756097561,0.024390243902439025,0.04878048780487805,0.0,0.0,0.04878048780487805,0.012195121951219513,1.0,1.0
0.12903225806451613,0.010752688172043012,0.010752688172043012,0.0,0.15053763440860216,0.053763440860215055,0.010752688172043012,0.053763440860215055,0.010752688172043012,0.021505376344086023,0.10752688172043011,0.021505376344086023,0.0,0.021505376344086023,0.010752688172043012,0.08602150537634409,0.0,0.03225806451612903,0.010752688172043012,0.010752688172043012,0.10752688172043011,0.03225806451612903,0.03225806451612903,0.0,0.0,0.03225806451612903,0.043010752688172046,1.0,1.0
0.04225352112676056,0.0,0.0,0.0,0.14084507042253522,0.15492957746478872,0.014084507042253521,0.09859154929577464,0.0,0.056338028169014086,0.07042253521126761,0.014084507042253521,0.0,0.0,0.014084507042253521,0.11267605633802817,0.0,0.0,0.014084507042253521,0.0,0.18309859154929578,0.0,0.04225352112676056,0.0,0.0,0.028169014084507043,0.014084507042253521,1.0,1.0
0.15384615384615385,0.02564102564102564,0.02564102564102564,0.02564102564102564,0.1794871794871795,0.0641025641025641,0.0,0.14102564102564102,0.02564102564102564,0.01282051282051282,0.05128205128205128,0.0,0.0,0.01282051282051282,0.01282051282051282,0.07692307692307693,0.0,0.02564102564102564,0.05128205128205128,0.0,0.08974358974358974,0.0,0.0,0.0,0.0,0.0,0.02564102564102564,1.0,1.0
0.12643678160919541,0.022988505747126436,0.0,0.011494252873563218,0.14942528735632185,0.034482758620689655,0.011494252873563218,0.14942528735632185,0.011494252873563218,0.034482758620689655,0.10344827586206896,0.011494252873563218,0.0,0.04597701149425287,0.011494252873563218,0.05747126436781609,0.0,0.022988505747126436,0.0,0.0,0.12643678160919541,0.011494252873563218,0.0,0.0,0.0,0.04597701149425287,0.011494252873563218,1.0,1.0
0.13580246913580246,0.0,0.0,0.012345679012345678,0.19753086419753085,0.08641975308641975,0.0,0.09876543209876543,0.024691358024691357,0.0,0.09876543209876543,0.0,0.0,0.0,0.0,0.14814814814814814,0.0,0.0,0.012345679012345678,0.0,0.14814814814814814,0.012345679012345678,0.0,0.0,0.0,0.024691358024691357,0.0,0.0,1.0
0.11827956989247312,0.010752688172043012,0.021505376344086023,0.053763440860215055,0.16129032258064516,0.08602150537634409,0.0,0.10752688172043011,0.021505376344086023,0.010752688172043012,0.0967741935483871,0.0,0.0,0.021505376344086023,0.010752688172043012,0.06451612903225806,0.0,0.010752688172043012,0.021505376344086023,0.0,0.053763440860215055,0.021505376344086023,0.043010752688172046,0.0,0.010752688172043012,0.043010752688172046,0.010752688172043012,0.0,1.0
0.11666666666666667,0.0,0.016666666666666666,0.016666666666666666,0.2,0.1,0.016666666666666666,0.05,0.016666666666666666,0.016666666666666666,0.05,0.016666666666666666,0.0,0.0,0.0,0.1,0.03333333333333333,0.0,0.016666666666666666,0.016666666666666666,0.08333333333333333,0.03333333333333333,0.03333333333333333,0.0,0.0,0.06666666666666667,0.0,1.0,0.0
0.1,0.02857142857142857,0.02142857142857143,0.014285714285714285,0.15,0.02857142857142857,0.014285714285714285,0.11428571428571428,0.02857142857142857,0.02142857142857143,0.17857142857142858,0.0,0.0,0.014285714285714285,0.02142857142857143,0.05714285714285714,0.007142857142857143,0.0,0.02142857142857143,0.0,0.1,0.0,0.02142857142857143,0.0,0.02142857142857143,0.02142857142857143,0.014285714285714285,1.0,0.0
0.13432835820895522,0.05970149253731343,0.029850746268656716,0.0,0.19402985074626866,0.029850746268656716,0.0,0.07462686567164178,0.0,0.0,0.16417910447761194,0.0,0.0,0.0,0.029850746268656716,0.16417910447761194,0.0,0.0,0.014925373134328358,0.014925373134328358,0.05970149253731343,0.014925373134328358,0.0,0.0,0.0,0.0,0.014925373134328358,0.0,1.0
0.11458333333333333,0.0,0.010416666666666666,0.041666666666666664,0.17708333333333334,0.0625,0.010416666666666666,0.10416666666666667,0.0,0.041666666666666664,0.08333333333333333,0.010416666666666666,0.0,0.010416666666666666,0.0,0.052083333333333336,0.020833333333333332,0.010416666666666666,0.0,0.0,0.11458333333333333,0.010416666666666666,0.020833333333333332,0.0,0.0,0.09375,0.010416666666666666,0.0,1.0
0.07894736842105263,0.0,0.0,0.05263157894736842,0.21052631578947367,0.02631578947368421,0.0,0.07894736842105263,0.0,0.05263157894736842,0.15789473684210525,0.0,0.0,0.0,0.0,0.18421052631578946,0.0,0.0,0.05263157894736842,0.0,0.02631578947368421,0.0,0.02631578947368421,0.0,0.0,0.05263157894736842,0.0,0.0,1.0
0.16666666666666666,0.00980392156862745,0.029411764705882353,0.0,0.24509803921568626,0.058823529411764705,0.0,0.11764705882352941,0.00980392156862745,0.00980392156862745,0.058823529411764705,0.0,0.0,0.0196078431372549,0.0,0.09803921568627451,0.0,0.0,0.0196078431372549,0.0,0.09803921568627451,0.0196078431372549,0.0,0.0,0.0,0.00980392156862745,0.029411764705882353,0.0,0.0
0.125,0.028846153846153848,0.0,0.038461538461538464,0.1346153846153846,0.08653846153846154,0.0,0.10576923076923077,0.019230769230769232,0.0,0.0673076923076923,0.0,0.009615384615384616,0.009615384615384616,0.028846153846153848,0.125,0.009615384615384616,0.019230769230769232,0.028846153846153848,0.009615384615384616,0.0673076923076923,0.009615384615384616,0.019230769230769232,0.0,0.009615384615384616,0.038461538461538464,0.009615384615384616,0.0,0.0
0.07692307692307693,0.0,0.0,0.03076923076923077,0.23076923076923078,0.046153846153846156,0.0,0.06153846153846154,0.015384615384615385,0.06153846153846154,0.09230769230769231,0.0,0.0,0.0,0.0,0.07692307692307693,0.0,0.0,0.0,0.0,0.13846153846153847,0.046153846153846156,0.046153846153846156,0.015384615384615385,0.0,0.046153846153846156,0.015384615384615385,0.0,0.0
0.04819277108433735,0.0,0.012048192771084338,0.0,0.14457831325301204,0.012048192771084338,0.060240963855421686,0.1686746987951807,0.012048192771084338,0.024096385542168676,0.13253012048192772,0.0,0.012048192771084338,0.0,0.024096385542168676,0.10843373493975904,0.0,0.012048192771084338,0.0,0.0,0.1566265060240964,0.024096385542168676,0.012048192771084338,0.0,0.012048192771084338,0.012048192771084338,0.012048192771084338,0.0,0.0
0.12162162162162163,0.0,0.02702702702702703,0.013513513513513514,0.10810810810810811,0.05405405405405406,0.0,0.16216216216216217,0.013513513513513514,0.02702702702702703,0.02702702702702703,0.0,0.0,0.02702702702702703,0.0,0.25675675675675674,0.0,0.013513513513513514,0.02702702702702703,0.0,0.05405405405405406,0.0,0.02702702702702703,0.0,0.0,0.02702702702702703,0.013513513513513514,0.0,0.0
0.08695652173913043,0.0,0.021739130434782608,0.021739130434782608,0.13043478260869565,0.11956521739130435,0.010869565217391304,0.10869565217391304,0.03260869565217391,0.010869565217391304,0.11956521739130435,0.021739130434782608,0.010869565217391304,0.0,0.043478260869565216,0.021739130434782608,0.010869565217391304,0.021739130434782608,0.0,0.0,0.11956521739130435,0.0,0.010869565217391304,0.0,0.0,0.06521739130434782,0.010869565217391304,0.0,1.0
0.11363636363636363,0.0,0.022727272727272728,0.022727272727272728,0.06818181818181818,0.022727272727272728,0.0,0.29545454545454547,0.06818181818181818,0.045454545454545456,0.20454545454545456,0.0,0.0,0.0,0.0,0.06818181818181818,0.0,0.0,0.0,0.0,0.045454545454545456,0.0,0.0,0.0,0.0,0.022727272727272728,0.0,0.0,1.0
0.19444444444444445,0.0,0.0,0.0,0.25,0.05555555555555555,0.0,0.0,0.08333333333333333,0.0,0.0,0.0,0.0,0.0,0.027777777777777776,0.1388888888888889,0.0,0.027777777777777776,0.0,0.0,0.19444444444444445,0.027777777777777776,0.0,0.0,0.0,0.0,0.0,0.0,1.0
0.1111111111111111,0.015873015873015872,0.047619047619047616,0.031746031746031744,0.15873015873015872,0.031746031746031744,0.0,0.047619047619047616,0.015873015873015872,0.015873015873015872,0.09523809523809523,0.0,0.0,0.0,0.015873015873015872,0.15873015873015872,0.0,0.031746031746031744,0.06349206349206349,0.0,0.1111111111111111,0.031746031746031744,0.0,0.0,0.0,0.015873015873015872,0.0,0.0,1.0
0.15294117647058825,0.0,0.03529411764705882,0.03529411764705882,0.17647058823529413,0.058823529411764705,0.0,0.08235294117647059,0.011764705882352941,0.011764705882352941,0.047058823529411764,0.0,0.0,0.03529411764705882,0.0,0.058823529411764705,0.011764705882352941,0.023529411764705882,0.011764705882352941,0.0,0.11764705882352941,0.03529411764705882,0.0,0.0,0.0,0.047058823529411764,0.047058823529411764,0.0,1.0
0.10810810810810811,0.009009009009009009,0.018018018018018018,0.018018018018018018,0.14414414414414414,0.05405405405405406,0.018018018018018018,0.09009009009009009,0.009009009009009009,0.0,0.09009009009009009,0.0,0.0,0.036036036036036036,0.009009009009009009,0.11711711711711711,0.0,0.009009009009009009,0.02702702702702703,0.009009009009009009,0.15315315315315314,0.02702702702702703,0.009009009009009009,0.0,0.0,0.018018018018018018,0.02702702702702703,0.0,1.0
0.14705882352941177,0.014705882352941176,0.0,0.014705882352941176,0.16176470588235295,0.014705882352941176,0.014705882352941176,0.058823529411764705,0.014705882352941176,0.0,0.11764705882352941,0.0,0.0,0.029411764705882353,0.014705882352941176,0.17647058823529413,0.0,0.014705882352941176,0.029411764705882353,0.0,0.08823529411764706,0.029411764705882353,0.029411764705882353,0.0,0.014705882352941176,0.014705882352941176,0.0,0.0,1.0
0.21052631578947367,0.05263157894736842,0.0,0.05263157894736842,0.21052631578947367,0.0,0.0,0.0,0.0,0.0,0.0,0.05263157894736842,0.0,0.05263157894736842,0.0,0.21052631578947367,0.0,0.05263157894736842,0.0,0.0,0.05263157894736842,0.0,0.05263157894736842,0.0,0.0,0.0,0.0,0.0,1.0
0.08421052631578947,0.0,0.010526315789473684,0.010526315789473684,0.16842105263157894,0.042105263157894736,0.010526315789473684,0.07368421052631578,0.010526315789473684,0.042105263157894736,0.07368421052631578,0.0,0.0,0.021052631578947368,0.0,0.16842105263157894,0.0,0.010526315789473684,0.010526315789473684,0.0,0.16842105263157894,0.021052631578947368,0.010526315789473684,0.0,0.0,0.05263157894736842,0.010526315789473684,0.0,1.0
0.07692307692307693,0.015384615384615385,0.0,0.005128205128205128,0.28205128205128205,0.02564102564102564,0.015384615384615385,0.11282051282051282,0.020512820512820513,0.005128205128205128,0.18974358974358974,0.0,0.0,0.010256410256410256,0.005128205128205128,0.015384615384615385,0.0,0.005128205128205128,0.010256410256410256,0.0,0.12307692307692308,0.010256410256410256,0.046153846153846156,0.0,0.010256410256410256,0.010256410256410256,0.005128205128205128,0.0,1.0
0.06666666666666667,0.0,0.022222222222222223,0.022222222222222223,0.2222222222222222,0.0,0.022222222222222223,0.022222222222222223,0.022222222222222223,0.0,0.2,0.0,0.0,0.0,0.0,0.08888888888888889,0.0,0.022222222222222223,0.0,0.0,0.26666666666666666,0.0,0.0,0.0,0.0,0.022222222222222223,0.0,0.0,1.0
0.10144927536231885,0.0,0.028985507246376812,0.014492753623188406,0.18840579710144928,0.043478260869565216,0.0,0.014492753623188406,0.028985507246376812,0.0,0.14492753623188406,0.0,0.0,0.0,0.043478260869565216,0.043478260869565216,0.0,0.0,0.028985507246376812,0.0,0.2608695652173913,0.014492753623188406,0.0,0.0,0.0,0.043478260869565216,0.0,0.0,1.0
0.08333333333333333,0.020833333333333332,0.041666666666666664,0.020833333333333332,0.1875,0.10416666666666667,0.0,0.041666666666666664,0.0,0.0,0.25,0.0,0.0,0.0,0.0,0.020833333333333332,0.020833333333333332,0.0,0.020833333333333332,0.0,0.125,0.0,0.0,0.0,0.0,0.0625,0.0,0.0,1.0
0.06611570247933884,0.024793388429752067,0.01652892561983471,0.01652892561983471,0.10743801652892562,0.04132231404958678,0.024793388429752067,0.0743801652892562,0.01652892561983471,0.0,0.11570247933884298,0.024793388429752067,0.0,0.024793388429752067,0.03305785123966942,0.10743801652892562,0.0,0.03305785123966942,0.01652892561983471,0.008264462809917356,0.11570247933884298,0.04132231404958678,0.024793388429752067,0.0,0.0,0.049586776859504134,0.01652892561983471,0.0,1.0
0.1206896551724138,0.034482758620689655,0.0,0.05172413793103448,0.20689655172413793,0.05172413793103448,0.0,0.034482758620689655,0.0,0.0,0.08620689655172414,0.06896551724137931,0.0,0.034482758620689655,0.0,0.10344827586206896,0.0,0.017241379310344827,0.0,0.0,0.10344827586206896,0.017241379310344827,0.05172413793103448,0.0,0.0,0.0,0.017241379310344827,0.0,1.0
0.08695652173913043,0.0,0.0,0.08695652173913043,0.30434782608695654,0.043478260869565216,0.0,0.08695652173913043,0.0,0.0,0.0,0.0,0.0,0.0,0.0,0.08695652173913043,0.0,0.08695652173913043,0.08695652173913043,0.0,0.0,0.043478260869565216,0.0,0.0,0.043478260869565216,0.043478260869565216,0.0,1.0,0.0
0.13157894736842105,0.0,0.0,0.02631578947368421,0.2631578947368421,0.02631578947368421,0.0,0.0,0.0,0.0,0.18421052631578946,0.0,0.0,0.02631578947368421,0.0,0.18421052631578946,0.0,0.0,0.05263157894736842,0.0,0.05263157894736842,0.02631578947368421,0.0,0.0,0.0,0.02631578947368421,0.0,1.0,0.0
0.13333333333333333,0.009523809523809525,0.009523809523809525,0.0380952380952381,0.20952380952380953,0.02857142857142857,0.0,0.05714285714285714,0.0380952380952381,0.02857142857142857,0.06666666666666667,0.0,0.009523809523809525,0.01904761904761905,0.009523809523809525,0.11428571428571428,0.0,0.0380952380952381,0.01904761904761905,0.0,0.08571428571428572,0.01904761904761905,0.0380952380952381,0.0,0.0,0.01904761904761905,0.009523809523809525,0.0,0.0
0.04046242774566474,0.0,0.0,0.011560693641618497,0.3352601156069364,0.017341040462427744,0.05202312138728324,0.14450867052023122,0.046242774566473986,0.0,0.27167630057803466,0.0,0.0,0.005780346820809248,0.005780346820809248,0.011560693641618497,0.0,0.0,0.0,0.0,0.028901734104046242,0.0,0.005780346820809248,0.005780346820809248,0.0,0.011560693641618497,0.005780346820809248,0.0,1.0
0.12264150943396226,0.0,0.009433962264150943,0.07547169811320754,0.12264150943396226,0.07547169811320754,0.0,0.09433962264150944,0.0,0.02830188679245283,0.08490566037735849,0.0,0.0,0.0,0.02830188679245283,0.11320754716981132,0.009433962264150943,0.009433962264150943,0.018867924528301886,0.0,0.14150943396226415,0.02830188679245283,0.009433962264150943,0.0,0.009433962264150943,0.018867924528301886,0.0,0.0,1.0
0.06666666666666667,0.0,0.047619047619047616,0.02857142857142857,0.1523809523809524,0.047619047619047616,0.009523809523809525,0.0761904761904762,0.01904761904761905,0.01904761904761905,0.13333333333333333,0.009523809523809525,0.0,0.0,0.02857142857142857,0.08571428571428572,0.0,0.0,0.01904761904761905,0.009523809523809525,0.14285714285714285,0.01904761904761905,0.0380952380952381,0.0,0.0,0.047619047619047616,0.0,0.0,1.0
0.08247422680412371,0.010309278350515464,0.010309278350515464,0.030927835051546393,0.16494845360824742,0.030927835051546393,0.0,0.10309278350515463,0.010309278350515464,0.010309278350515464,0.18556701030927836,0.010309278350515464,0.0,0.0,0.0,0.05154639175257732,0.0,0.0,0.0,0.010309278350515464,0.1958762886597938,0.0,0.041237113402061855,0.0,0.030927835051546393,0.0,0.020618556701030927,0.0,1.0
0.05357142857142857,0.0,0.0,0.0,0.19642857142857142,0.05357142857142857,0.05357142857142857,0.14285714285714285,0.05357142857142857,0.03571428571428571,0.08928571428571429,0.0,0.0,0.0,0.0,0.08928571428571429,0.0,0.017857142857142856,0.03571428571428571,0.0,0.03571428571428571,0.017857142857142856,0.05357142857142857,0.0,0.0,0.05357142857142857,0.017857142857142856,0.0,1.0
0.2,0.0,0.0,0.05,0.05,0.05,0.0,0.1,0.05,0.0,0.0,0.0,0.0,0.05,0.0,0.2,0.0,0.05,0.0,0.0,0.2,0.0,0.0,0.0,0.0,0.0,0.0,0.0,1.0
0.0,0.0,0.0,0.0,0.0,0.0,0.0,0.25,0.0,0.0,0.0,0.0,0.0,0.0,0.0,0.75,0.0,0.0,0.0,0.0,0.0,0.0,0.0,0.0,0.0,0.0,0.0,1.0,1.0
0.11428571428571428,0.0,0.0,0.02857142857142857,0.11428571428571428,0.0,0.08571428571428572,0.17142857142857143,0.0,0.0,0.11428571428571428,0.0,0.05714285714285714,0.02857142857142857,0.0,0.2,0.0,0.0,0.0,0.0,0.02857142857142857,0.0,0.02857142857142857,0.0,0.0,0.02857142857142857,0.0,1.0,0.0
0.07317073170731707,0.0,0.0,0.04878048780487805,0.14634146341463414,0.0,0.04878048780487805,0.1951219512195122,0.024390243902439025,0.0,0.024390243902439025,0.0,0.0,0.07317073170731707,0.0,0.12195121951219512,0.0,0.04878048780487805,0.0,0.0,0.07317073170731707,0.0,0.07317073170731707,0.0,0.0,0.024390243902439025,0.024390243902439025,1.0,0.0
0.09523809523809523,0.0,0.0,0.015873015873015872,0.12698412698412698,0.047619047619047616,0.015873015873015872,0.09523809523809523,0.015873015873015872,0.015873015873015872,0.09523809523809523,0.0,0.0,0.0,0.0,0.2698412698412698,0.0,0.015873015873015872,0.0,0.0,0.07936507936507936,0.015873015873015872,0.015873015873015872,0.0,0.0,0.06349206349206349,0.015873015873015872,1.0,0.0
0.07017543859649122,0.0,0.0,0.05263157894736842,0.3157894736842105,0.017543859649122806,0.05263157894736842,0.14035087719298245,0.017543859649122806,0.0,0.07017543859649122,0.0,0.0,0.0,0.0,0.05263157894736842,0.0,0.017543859649122806,0.07017543859649122,0.0,0.05263157894736842,0.0,0.03508771929824561,0.0,0.0,0.03508771929824561,0.0,1.0,1.0
0.1111111111111111,0.0,0.0,0.06666666666666667,0.3333333333333333,0.022222222222222223,0.044444444444444446,0.08888888888888889,0.022222222222222223,0.0,0.022222222222222223,0.0,0.0,0.1111111111111111,0.0,0.06666666666666667,0.0,0.022222222222222223,0.0,0.0,0.022222222222222223,0.0,0.022222222222222223,0.0,0.0,0.044444444444444446,0.0,1.0,1.0
0.06666666666666667,0.0,0.0,0.0,0.2761904761904762,0.02857142857142857,0.02857142857142857,0.06666666666666667,0.02857142857142857,0.009523809523809525,0.0380952380952381,0.0,0.0,0.009523809523809525,0.0,0.3619047619047619,0.0,0.0,0.0,0.0,0.01904761904761905,0.0,0.047619047619047616,0.0,0.0,0.01904761904761905,0.0,1.0,1.0
0.025,0.0,0.0,0.075,0.075,0.0,0.0,0.1,0.0,0.0,0.075,0.0,0.0,0.025,0.0,0.35,0.0,0.05,0.05,0.0,0.05,0.05,0.05,0.0,0.0,0.025,0.0,1.0,0.0
0.10309278350515463,0.0,0.0,0.0,0.29896907216494845,0.041237113402061855,0.010309278350515464,0.10309278350515463,0.0,0.0,0.061855670103092786,0.0,0.0,0.0,0.0,0.29896907216494845,0.0,0.0,0.010309278350515464,0.0,0.020618556701030927,0.010309278350515464,0.041237113402061855,0.0,0.0,0.0,0.0,1.0,0.0
0.1,0.0,0.0,0.0,0.3,0.06,0.02,0.08,0.0,0.04,0.04,0.0,0.0,0.0,0.0,0.14,0.0,0.02,0.06,0.0,0.08,0.0,0.02,0.0,0.0,0.02,0.02,0.0,1.0
0.09090909090909091,0.01818181818181818,0.01818181818181818,0.03636363636363636,0.2,0.07272727272727272,0.01818181818181818,0.18181818181818182,0.0,0.0,0.03636363636363636,0.0,0.0,0.03636363636363636,0.0,0.10909090909090909,0.01818181818181818,0.03636363636363636,0.01818181818181818,0.0,0.03636363636363636,0.0,0.0,0.0,0.0,0.05454545454545454,0.01818181818181818,0.0,1.0
0.07575757575757576,0.0,0.0,0.06060606060606061,0.09090909090909091,0.015151515151515152,0.030303030303030304,0.13636363636363635,0.015151515151515152,0.0,0.07575757575757576,0.015151515151515152,0.0,0.015151515151515152,0.0,0.13636363636363635,0.0,0.09090909090909091,0.045454545454545456,0.0,0.045454545454545456,0.0,0.045454545454545456,0.0,0.0,0.10606060606060606,0.0,0.0,1.0
0.16666666666666666,0.0,0.0,0.023809523809523808,0.14285714285714285,0.047619047619047616,0.023809523809523808,0.09523809523809523,0.0,0.0,0.07142857142857142,0.023809523809523808,0.0,0.023809523809523808,0.0,0.023809523809523808,0.023809523809523808,0.07142857142857142,0.09523809523809523,0.0,0.11904761904761904,0.0,0.023809523809523808,0.0,0.0,0.023809523809523808,0.0,0.0,1.0
0.08,0.01,0.0,0.02,0.29,0.06,0.03,0.06,0.02,0.01,0.07,0.0,0.0,0.01,0.0,0.24,0.0,0.02,0.01,0.01,0.02,0.01,0.01,0.01,0.0,0.01,0.0,0.0,1.0
0.08620689655172414,0.0,0.017241379310344827,0.017241379310344827,0.25862068965517243,0.0,0.017241379310344827,0.1896551724137931,0.0,0.0,0.017241379310344827,0.0,0.0,0.06896551724137931,0.017241379310344827,0.08620689655172414,0.0,0.05172413793103448,0.017241379310344827,0.0,0.10344827586206896,0.0,0.0,0.0,0.0,0.05172413793103448,0.0,0.0,0.0
0.13432835820895522,0.0,0.0,0.029850746268656716,0.208955223880597,0.029850746268656716,0.029850746268656716,0.07462686567164178,0.05970149253731343,0.014925373134328358,0.05970149253731343,0.0,0.0,0.029850746268656716,0.0,0.14925373134328357,0.0,0.029850746268656716,0.0,0.0,0.029850746268656716,0.029850746268656716,0.029850746268656716,0.0,0.0,0.05970149253731343,0.0,0.0,0.0
0.16279069767441862,0.0,0.0,0.011627906976744186,0.22093023255813954,0.011627906976744186,0.023255813953488372,0.16279069767441862,0.0,0.0,0.046511627906976744,0.0,0.0,0.011627906976744186,0.0,0.1511627906976744,0.0,0.023255813953488372,0.011627906976744186,0.0,0.06976744186046512,0.011627906976744186,0.046511627906976744,0.0,0.0,0.023255813953488372,0.011627906976744186,0.0,0.0
0.24489795918367346,0.0,0.0,0.02040816326530612,0.24489795918367346,0.02040816326530612,0.0,0.0,0.0,0.0,0.04081632653061224,0.0,0.0,0.04081632653061224,0.0,0.2857142857142857,0.0,0.0,0.0,0.0,0.08163265306122448,0.02040816326530612,0.0,0.0,0.0,0.0,0.0,0.0,1.0
0.10377358490566038,0.009433962264150943,0.009433962264150943,0.03773584905660377,0.1320754716981132,0.04716981132075472,0.018867924528301886,0.09433962264150944,0.009433962264150943,0.009433962264150943,0.18867924528301888,0.009433962264150943,0.0,0.0,0.02830188679245283,0.03773584905660377,0.0,0.009433962264150943,0.02830188679245283,0.0,0.1509433962264151,0.009433962264150943,0.03773584905660377,0.0,0.0,0.018867924528301886,0.009433962264150943,1.0,0.0
0.1440677966101695,0.025423728813559324,0.00847457627118644,0.059322033898305086,0.06779661016949153,0.09322033898305085,0.0,0.11864406779661017,0.00847457627118644,0.0,0.211864406779661,0.0,0.0,0.0,0.0,0.00847457627118644,0.0,0.01694915254237288,0.025423728813559324,0.0,0.13559322033898305,0.025423728813559324,0.00847457627118644,0.00847457627118644,0.0,0.03389830508474576,0.0,1.0,0.0
0.12605042016806722,0.008403361344537815,0.01680672268907563,0.04201680672268908,0.06722689075630252,0.06722689075630252,0.025210084033613446,0.17647058823529413,0.008403361344537815,0.008403361344537815,0.25210084033613445,0.0,0.0,0.03361344537815126,0.008403361344537815,0.01680672268907563,0.0,0.008403361344537815,0.025210084033613446,0.0,0.09243697478991597,0.0,0.008403361344537815,0.0,0.0,0.008403361344537815,0.0,1.0,0.0
0.1485148514851485,0.0,0.0297029702970297,0.04950495049504951,0.12871287128712872,0.0594059405940594,0.0,0.1188118811881188,0.009900990099009901,0.04950495049504951,0.06930693069306931,0.0,0.0,0.039603960396039604,0.039603960396039604,0.009900990099009901,0.009900990099009901,0.019801980198019802,0.0,0.0,0.13861386138613863,0.0,0.019801980198019802,0.0,0.0,0.04950495049504951,0.009900990099009901,1.0,1.0
0.07692307692307693,0.0,0.0,0.038461538461538464,0.1282051282051282,0.038461538461538464,0.0,0.1282051282051282,0.0,0.01282051282051282,0.23076923076923078,0.0,0.0,0.0641025641025641,0.0,0.01282051282051282,0.01282051282051282,0.038461538461538464,0.0641025641025641,0.0,0.10256410256410256,0.01282051282051282,0.01282051282051282,0.0,0.0,0.02564102564102564,0.0,1.0,1.0
0.08490566037735849,0.0,0.0,0.03773584905660377,0.09433962264150944,0.0660377358490566,0.009433962264150943,0.1792452830188679,0.009433962264150943,0.018867924528301886,0.2169811320754717,0.0,0.009433962264150943,0.009433962264150943,0.0,0.018867924528301886,0.009433962264150943,0.009433962264150943,0.05660377358490566,0.0,0.1320754716981132,0.009433962264150943,0.009433962264150943,0.0,0.0,0.018867924528301886,0.0,0.0,1.0
0.12987012987012986,0.012987012987012988,0.03896103896103896,0.0,0.18181818181818182,0.0,0.012987012987012988,0.07792207792207792,0.025974025974025976,0.0,0.09090909090909091,0.0,0.0,0.03896103896103896,0.025974025974025976,0.025974025974025976,0.0,0.0,0.0,0.0,0.24675324675324675,0.012987012987012988,0.05194805194805195,0.012987012987012988,0.0,0.0,0.012987012987012988,0.0,1.0
0.06451612903225806,0.0,0.0,0.016129032258064516,0.20967741935483872,0.016129032258064516,0.0,0.016129032258064516,0.0,0.0,0.14516129032258066,0.0,0.016129032258064516,0.03225806451612903,0.016129032258064516,0.1935483870967742,0.0,0.0,0.0,0.0,0.1935483870967742,0.016129032258064516,0.0,0.016129032258064516,0.0,0.03225806451612903,0.016129032258064516,0.0,1.0
0.08421052631578947,0.0,0.021052631578947368,0.010526315789473684,0.3473684210526316,0.010526315789473684,0.07368421052631578,0.06315789473684211,0.0,0.0,0.09473684210526316,0.0,0.0,0.021052631578947368,0.021052631578947368,0.05263157894736842,0.0,0.0,0.0,0.0,0.15789473684210525,0.021052631578947368,0.0,0.0,0.010526315789473684,0.010526315789473684,0.0,0.0,0.0
0.08333333333333333,0.0,0.0,0.03333333333333333,0.23333333333333334,0.016666666666666666,0.0,0.1,0.03333333333333333,0.016666666666666666,0.16666666666666666,0.0,0.016666666666666666,0.0,0.016666666666666666,0.03333333333333333,0.0,0.0,0.0,0.0,0.06666666666666667,0.0,0.1,0.0,0.0,0.08333333333333333,0.0,1.0,1.0
0.05263157894736842,0.0,0.008771929824561403,0.017543859649122806,0.2631578947368421,0.017543859649122806,0.017543859649122806,0.15789473684210525,0.02631578947368421,0.017543859649122806,0.12280701754385964,0.008771929824561403,0.0,0.05263157894736842,0.008771929824561403,0.03508771929824561,0.0,0.0,0.0,0.0,0.13157894736842105,0.008771929824561403,0.03508771929824561,0.0,0.0,0.017543859649122806,0.0,0.0,0.0
0.06796116504854369,0.0,0.0,0.04854368932038835,0.20388349514563106,0.019417475728155338,0.009708737864077669,0.11650485436893204,0.019417475728155338,0.019417475728155338,0.08737864077669903,0.009708737864077669,0.009708737864077669,0.04854368932038835,0.038834951456310676,0.13592233009708737,0.0,0.0,0.0,0.0,0.10679611650485436,0.0,0.0,0.0,0.0,0.02912621359223301,0.02912621359223301,0.0,1.0
0.04054054054054054,0.0,0.013513513513513514,0.04054054054054054,0.17567567567567569,0.02702702702702703,0.0,0.10810810810810811,0.06756756756756757,0.013513513513513514,0.13513513513513514,0.0,0.013513513513513514,0.0,0.013513513513513514,0.06756756756756757,0.0,0.0,0.013513513513513514,0.0,0.05405405405405406,0.013513513513513514,0.05405405405405406,0.0,0.0,0.13513513513513514,0.013513513513513514,0.0,1.0
0.04081632653061224,0.0,0.0,0.12244897959183673,0.32653061224489793,0.04081632653061224,0.0,0.0,0.0,0.02040816326530612,0.08163265306122448,0.0,0.04081632653061224,0.08163265306122448,0.02040816326530612,0.02040816326530612,0.0,0.0,0.0,0.0,0.14285714285714285,0.0,0.02040816326530612,0.0,0.0,0.04081632653061224,0.0,1.0,0.0
0.25,0.0,0.0,0.0,0.1574074074074074,0.06481481481481481,0.018518518518518517,0.018518518518518517,0.009259259259259259,0.0,0.037037037037037035,0.0,0.0,0.037037037037037035,0.0,0.16666666666666666,0.0,0.0,0.009259259259259259,0.0,0.12962962962962962,0.06481481481481481,0.018518518518518517,0.0,0.0,0.018518518518518517,0.0,0.0,0.0
0.1797752808988764,0.0,0.011235955056179775,0.011235955056179775,0.11235955056179775,0.07865168539325842,0.011235955056179775,0.02247191011235955,0.02247191011235955,0.011235955056179775,0.0449438202247191,0.0,0.0,0.0,0.0,0.23595505617977527,0.011235955056179775,0.011235955056179775,0.0449438202247191,0.0,0.12359550561797752,0.0449438202247191,0.0,0.0,0.0,0.02247191011235955,0.0,0.0,0.0
0.25675675675675674,0.006756756756756757,0.006756756756756757,0.0,0.14189189189189189,0.04054054054054054,0.006756756756756757,0.05405405405405406,0.05405405405405406,0.006756756756756757,0.04054054054054054,0.0,0.0,0.013513513513513514,0.0,0.17567567567567569,0.0,0.006756756756756757,0.02702702702702703,0.0,0.10135135135135136,0.04054054054054054,0.006756756756756757,0.0,0.0,0.0,0.013513513513513514,0.0,0.0
0.21428571428571427,0.0,0.01020408163265306,0.0,0.20408163265306123,0.061224489795918366,0.0,0.04081632653061224,0.04081632653061224,0.01020408163265306,0.05102040816326531,0.0,0.0,0.01020408163265306,0.0,0.15306122448979592,0.0,0.0,0.02040816326530612,0.0,0.10204081632653061,0.061224489795918366,0.0,0.01020408163265306,0.0,0.01020408163265306,0.0,0.0,0.0
0.3125,0.0,0.0,0.0,0.125,0.052083333333333336,0.0,0.0,0.010416666666666666,0.0,0.0,0.0,0.0,0.010416666666666666,0.0,0.3229166666666667,0.0,0.010416666666666666,0.0,0.0,0.0625,0.052083333333333336,0.03125,0.0,0.0,0.010416666666666666,0.0,0.0,0.0
0.20388349514563106,0.0,0.019417475728155338,0.0,0.1650485436893204,0.11650485436893204,0.009708737864077669,0.019417475728155338,0.04854368932038835,0.009708737864077669,0.02912621359223301,0.0,0.0,0.02912621359223301,0.0,0.0970873786407767,0.0,0.009708737864077669,0.019417475728155338,0.0,0.1553398058252427,0.02912621359223301,0.0,0.0,0.0,0.019417475728155338,0.019417475728155338,1.0,1.0
0.15454545454545454,0.0,0.0,0.0,0.14545454545454545,0.07272727272727272,0.02727272727272727,0.01818181818181818,0.0,0.00909090909090909,0.03636363636363636,0.0,0.0,0.00909090909090909,0.00909090909090909,0.22727272727272727,0.0,0.01818181818181818,0.01818181818181818,0.0,0.13636363636363635,0.05454545454545454,0.02727272727272727,0.0,0.0,0.03636363636363636,0.0,0.0,1.0
0.2616822429906542,0.0,0.009345794392523364,0.0,0.1308411214953271,0.04672897196261682,0.009345794392523364,0.028037383177570093,0.028037383177570093,0.0,0.028037383177570093,0.0,0.0,0.028037383177570093,0.0,0.11214953271028037,0.009345794392523364,0.0,0.018691588785046728,0.0,0.18691588785046728,0.07476635514018691,0.028037383177570093,0.0,0.0,0.0,0.0,0.0,1.0
0.36666666666666664,0.0,0.008333333333333333,0.0,0.11666666666666667,0.05,0.008333333333333333,0.058333333333333334,0.041666666666666664,0.0,0.016666666666666666,0.0,0.0,0.016666666666666666,0.0,0.11666666666666667,0.0,0.008333333333333333,0.016666666666666666,0.0,0.10833333333333334,0.05,0.008333333333333333,0.0,0.0,0.0,0.008333333333333333,0.0,1.0
0.22388059701492538,0.0,0.0,0.0,0.15671641791044777,0.06716417910447761,0.007462686567164179,0.05223880597014925,0.029850746268656716,0.0,0.029850746268656716,0.0,0.0,0.05970149253731343,0.0,0.1417910447761194,0.0,0.022388059701492536,0.0,0.0,0.11194029850746269,0.05223880597014925,0.0,0.0,0.0,0.014925373134328358,0.029850746268656716,0.0,1.0
0.2702702702702703,0.0,0.0,0.018018018018018018,0.1891891891891892,0.04504504504504504,0.0,0.036036036036036036,0.05405405405405406,0.009009009009009009,0.04504504504504504,0.0,0.0,0.02702702702702703,0.009009009009009009,0.09009009009009009,0.0,0.009009009009009009,0.018018018018018018,0.0,0.15315315315315314,0.018018018018018018,0.009009009009009009,0.0,0.0,0.0,0.0,0.0,0.0
0.2,0.0,0.02608695652173913,0.017391304347826087,0.1826086956521739,0.06086956521739131,0.008695652173913044,0.10434782608695652,0.043478260869565216,0.0,0.034782608695652174,0.0,0.0,0.034782608695652174,0.0,0.06956521739130435,0.0,0.0,0.017391304347826087,0.0,0.1391304347826087,0.05217391304347826,0.0,0.0,0.0,0.0,0.008695652173913044,1.0,0.0
0.20149253731343283,0.0,0.007462686567164179,0.014925373134328358,0.1865671641791045,0.1044776119402985,0.014925373134328358,0.029850746268656716,0.04477611940298507,0.0,0.022388059701492536,0.0,0.0,0.022388059701492536,0.0,0.11194029850746269,0.0,0.014925373134328358,0.029850746268656716,0.0,0.1417910447761194,0.04477611940298507,0.007462686567164179,0.0,0.0,0.0,0.0,1.0,0.0
0.21052631578947367,0.0,0.0,0.0,0.18796992481203006,0.08270676691729323,0.015037593984962405,0.045112781954887216,0.03759398496240601,0.007518796992481203,0.045112781954887216,0.0,0.0,0.05263157894736842,0.0,0.09774436090225563,0.0,0.015037593984962405,0.03007518796992481,0.0,0.09774436090225563,0.06015037593984962,0.007518796992481203,0.0,0.0,0.0,0.007518796992481203,1.0,0.0
0.224,0.0,0.008,0.0,0.192,0.072,0.016,0.048,0.024,0.008,0.032,0.0,0.0,0.024,0.0,0.144,0.0,0.024,0.032,0.0,0.088,0.056,0.0,0.0,0.0,0.0,0.008,1.0,0.0
0.3,0.0,0.0,0.006666666666666667,0.2,0.05333333333333334,0.006666666666666667,0.06,0.02666666666666667,0.02,0.02666666666666667,0.0,0.0,0.03333333333333333,0.0,0.1,0.0,0.0,0.013333333333333334,0.0,0.09333333333333334,0.04666666666666667,0.0,0.0,0.0,0.0,0.013333333333333334,1.0,1.0
0.26373626373626374,0.0,0.0,0.0,0.21978021978021978,0.04395604395604396,0.0,0.01098901098901099,0.04395604395604396,0.01098901098901099,0.01098901098901099,0.0,0.0,0.02197802197802198,0.0,0.1978021978021978,0.0,0.0,0.0,0.0,0.08791208791208792,0.06593406593406594,0.02197802197802198,0.0,0.0,0.0,0.0,1.0,1.0
0.2636363636363636,0.0,0.0,0.0,0.16363636363636364,0.045454545454545456,0.00909090909090909,0.045454545454545456,0.01818181818181818,0.00909090909090909,0.05454545454545454,0.0,0.0,0.045454545454545456,0.0,0.12727272727272726,0.0,0.00909090909090909,0.01818181818181818,0.0,0.12727272727272726,0.06363636363636363,0.0,0.0,0.0,0.0,0.0,0.0,0.0
0.2727272727272727,0.00909090909090909,0.00909090909090909,0.0,0.19090909090909092,0.06363636363636363,0.01818181818181818,0.02727272727272727,0.01818181818181818,0.0,0.01818181818181818,0.0,0.0,0.03636363636363636,0.0,0.12727272727272726,0.0,0.0,0.00909090909090909,0.0,0.12727272727272726,0.045454545454545456,0.0,0.0,0.0,0.02727272727272727,0.0,0.0,0.0
0.2,0.0,0.0125,0.0,0.1875,0.075,0.025,0.0,0.0125,0.0,0.0375,0.0,0.0,0.0375,0.0,0.1375,0.0,0.0125,0.0,0.0,0.15,0.0875,0.0125,0.0,0.0,0.0,0.0125,0.0,0.0
0.20175438596491227,0.0,0.0,0.0,0.14912280701754385,0.11403508771929824,0.02631578947368421,0.017543859649122806,0.02631578947368421,0.0,0.02631578947368421,0.0,0.0,0.043859649122807015,0.0,0.16666666666666666,0.0,0.02631578947368421,0.017543859649122806,0.0,0.13157894736842105,0.05263157894736842,0.0,0.0,0.0,0.0,0.0,0.0,1.0
0.25384615384615383,0.007692307692307693,0.007692307692307693,0.007692307692307693,0.2,0.07692307692307693,0.007692307692307693,0.007692307692307693,0.023076923076923078,0.007692307692307693,0.046153846153846156,0.0,0.0,0.015384615384615385,0.0,0.15384615384615385,0.0,0.007692307692307693,0.007692307692307693,0.0,0.12307692307692308,0.023076923076923078,0.0,0.0,0.0,0.015384615384615385,0.007692307692307693,0.0,1.0
0.27702702702702703,0.0,0.006756756756756757,0.006756756756756757,0.12837837837837837,0.05405405405405406,0.006756756756756757,0.07432432432432433,0.033783783783783786,0.006756756756756757,0.06756756756756757,0.0,0.0,0.02027027027027027,0.0,0.14864864864864866,0.0,0.02702702702702703,0.04054054054054054,0.0,0.08108108108108109,0.02027027027027027,0.0,0.0,0.0,0.0,0.0,0.0,0.0
0.28225806451612906,0.0,0.008064516129032258,0.008064516129032258,0.16129032258064516,0.06451612903225806,0.016129032258064516,0.016129032258064516,0.03225806451612903,0.008064516129032258,0.04838709677419355,0.0,0.0,0.06451612903225806,0.008064516129032258,0.07258064516129033,0.0,0.016129032258064516,0.016129032258064516,0.0,0.12096774193548387,0.04838709677419355,0.0,0.0,0.0,0.0,0.008064516129032258,0.0,0.0
0.19402985074626866,0.0,0.0,0.0,0.13432835820895522,0.08955223880597014,0.029850746268656716,0.07462686567164178,0.0,0.014925373134328358,0.029850746268656716,0.0,0.0,0.04477611940298507,0.0,0.1044776119402985,0.0,0.014925373134328358,0.0,0.0,0.19402985074626866,0.029850746268656716,0.014925373134328358,0.0,0.0,0.029850746268656716,0.0,0.0,0.0
0.2727272727272727,0.0,0.010101010101010102,0.0,0.20202020202020202,0.0707070707070707,0.010101010101010102,0.0,0.0707070707070707,0.010101010101010102,0.010101010101010102,0.0,0.0,0.04040404040404041,0.0,0.1111111111111111,0.0,0.010101010101010102,0.020202020202020204,0.0,0.1111111111111111,0.030303030303030304,0.010101010101010102,0.0,0.0,0.010101010101010102,0.0,0.0,0.0
0.2204724409448819,0.0,0.0,0.007874015748031496,0.1889763779527559,0.05511811023622047,0.015748031496062992,0.06299212598425197,0.023622047244094488,0.015748031496062992,0.047244094488188976,0.0,0.0,0.03937007874015748,0.007874015748031496,0.12598425196850394,0.0,0.007874015748031496,0.015748031496062992,0.0,0.09448818897637795,0.06299212598425197,0.0,0.0,0.0,0.0,0.007874015748031496,0.0,0.0
0.21153846153846154,0.009615384615384616,0.0,0.009615384615384616,0.20192307692307693,0.057692307692307696,0.009615384615384616,0.038461538461538464,0.04807692307692308,0.0,0.057692307692307696,0.0,0.0,0.028846153846153848,0.0,0.08653846153846154,0.0,0.028846153846153848,0.019230769230769232,0.0,0.11538461538461539,0.038461538461538464,0.0,0.0,0.0,0.028846153846153848,0.009615384615384616,0.0,0.0
0.2651162790697674,0.0069767441860465115,0.018604651162790697,0.03488372093023256,0.13488372093023257,0.009302325581395349,0.002325581395348837,0.10232558139534884,0.011627906976744186,0.013953488372093023,0.07674418604651163,0.013953488372093023,0.0,0.05116279069767442,0.009302325581395349,0.06279069767441861,0.0,0.023255813953488372,0.03488372093023256,0.0,0.06744186046511629,0.01627906976744186,0.0069767441860465115,0.0069767441860465115,0.002325581395348837,0.013953488372093023,0.013953488372093023,0.0,0.0
0.2793017456359102,0.0,0.00997506234413965,0.017456359102244388,0.1172069825436409,0.022443890274314215,0.007481296758104738,0.13216957605985039,0.00997506234413965,0.007481296758104738,0.06483790523690773,0.0,0.004987531172069825,0.04239401496259352,0.014962593516209476,0.1172069825436409,0.004987531172069825,0.02493765586034913,0.022443890274314215,0.0,0.0399002493765586,0.014962593516209476,0.012468827930174564,0.0,0.004987531172069825,0.017456359102244388,0.00997506234413965,0.0,0.0
0.24262295081967214,0.003278688524590164,0.03934426229508197,0.036065573770491806,0.17704918032786884,0.019672131147540985,0.003278688524590164,0.05573770491803279,0.01639344262295082,0.006557377049180328,0.08196721311475409,0.0,0.0,0.02622950819672131,0.009836065573770493,0.10163934426229508,0.0,0.01639344262295082,0.019672131147540985,0.0,0.05901639344262295,0.022950819672131147,0.009836065573770493,0.0,0.003278688524590164,0.022950819672131147,0.02622950819672131,0.0,0.0
0.27912087912087913,0.006593406593406593,0.03076923076923077,0.024175824175824177,0.0967032967032967,0.013186813186813187,0.02197802197802198,0.15164835164835164,0.006593406593406593,0.01098901098901099,0.07472527472527472,0.01978021978021978,0.004395604395604396,0.01978021978021978,0.008791208791208791,0.03736263736263736,0.0,0.01978021978021978,0.07032967032967033,0.002197802197802198,0.03076923076923077,0.013186813186813187,0.008791208791208791,0.0,0.002197802197802198,0.01978021978021978,0.026373626373626374,0.0,0.0
0.3105590062111801,0.006211180124223602,0.012422360248447204,0.034161490683229816,0.07763975155279502,0.021739130434782608,0.037267080745341616,0.06521739130434782,0.015527950310559006,0.015527950310559006,0.062111801242236024,0.012422360248447204,0.0,0.034161490683229816,0.015527950310559006,0.11180124223602485,0.0,0.015527950310559006,0.021739130434782608,0.003105590062111801,0.08074534161490683,0.018633540372670808,0.003105590062111801,0.0,0.0,0.009316770186335404,0.015527950310559006,0.0,0.0
0.229957805907173,0.004219409282700422,0.027426160337552744,0.02531645569620253,0.10337552742616034,0.029535864978902954,0.02531645569620253,0.1371308016877637,0.016877637130801686,0.008438818565400843,0.10337552742616034,0.006329113924050633,0.0,0.016877637130801686,0.004219409282700422,0.05907172995780591,0.0,0.02531645569620253,0.04852320675105485,0.0,0.06962025316455696,0.02109704641350211,0.006329113924050633,0.002109704641350211,0.004219409282700422,0.010548523206751054,0.014767932489451477,0.0,0.0
0.39628482972136225,0.0030959752321981426,0.0,0.0030959752321981426,0.08668730650154799,0.015479876160990712,0.006191950464396285,0.043343653250773995,0.015479876160990712,0.0,0.058823529411764705,0.0,0.0,0.02476780185758514,0.006191950464396285,0.25386996904024767,0.0,0.006191950464396285,0.02476780185758514,0.0,0.034055727554179564,0.009287925696594427,0.0030959752321981426,0.0,0.0,0.0030959752321981426,0.006191950464396285,0.0,0.0
0.3054393305439331,0.0,0.01882845188284519,0.027196652719665274,0.11715481171548117,0.012552301255230125,0.012552301255230125,0.1087866108786611,0.008368200836820083,0.008368200836820083,0.0794979079497908,0.010460251046025104,0.0,0.04602510460251046,0.008368200836820083,0.07322175732217573,0.0020920502092050207,0.012552301255230125,0.0397489539748954,0.0,0.04811715481171548,0.01882845188284519,0.008368200836820083,0.0041841004184100415,0.0041841004184100415,0.010460251046025104,0.014644351464435146,0.0,0.0
0.3136729222520107,0.005361930294906166,0.024128686327077747,0.010723860589812333,0.11528150134048257,0.02680965147453083,0.024128686327077747,0.13404825737265416,0.01876675603217158,0.010723860589812333,0.05630026809651475,0.0,0.002680965147453083,0.029490616621983913,0.010723860589812333,0.06702412868632708,0.0,0.0160857908847185,0.032171581769437,0.0,0.05093833780160858,0.013404825737265416,0.002680965147453083,0.0,0.002680965147453083,0.010723860589812333,0.021447721179624665,1.0,1.0
0.2596401028277635,0.0,0.02056555269922879,0.02056555269922879,0.09768637532133675,0.05141388174807198,0.02313624678663239,0.06940874035989718,0.015424164524421594,0.010282776349614395,0.10025706940874037,0.0,0.002570694087403599,0.05398457583547558,0.007712082262210797,0.10282776349614396,0.005141388174807198,0.010282776349614395,0.02056555269922879,0.0,0.06940874035989718,0.02056555269922879,0.007712082262210797,0.0,0.002570694087403599,0.015424164524421594,0.012853470437017995,1.0,1.0
0.20967741935483872,0.0,0.012903225806451613,0.012903225806451613,0.2064516129032258,0.02903225806451613,0.02258064516129032,0.07419354838709677,0.054838709677419356,0.00967741935483871,0.13225806451612904,0.0064516129032258064,0.0,0.025806451612903226,0.016129032258064516,0.07096774193548387,0.0,0.01935483870967742,0.012903225806451613,0.0,0.03225806451612903,0.00967741935483871,0.0064516129032258064,0.0032258064516129032,0.0032258064516129032,0.02258064516129032,0.0064516129032258064,1.0,1.0
0.30111524163568776,0.0037174721189591076,0.01858736059479554,0.01858736059479554,0.09293680297397769,0.06691449814126393,0.01486988847583643,0.06319702602230483,0.0037174721189591076,0.01858736059479554,0.048327137546468404,0.007434944237918215,0.0037174721189591076,0.02973977695167286,0.011152416356877323,0.11895910780669144,0.0,0.026022304832713755,0.03345724907063197,0.0,0.048327137546468404,0.007434944237918215,0.01486988847583643,0.0037174721189591076,0.0,0.01858736059479554,0.026022304832713755,1.0,1.0
0.24444444444444444,0.0024691358024691358,0.012345679012345678,0.024691358024691357,0.14814814814814814,0.024691358024691357,0.007407407407407408,0.11604938271604938,0.019753086419753086,0.007407407407407408,0.11604938271604938,0.0049382716049382715,0.0,0.024691358024691357,0.012345679012345678,0.06666666666666667,0.0,0.01728395061728395,0.037037037037037035,0.0,0.05925925925925926,0.012345679012345678,0.007407407407407408,0.0049382716049382715,0.007407407407407408,0.014814814814814815,0.007407407407407408,1.0,1.0
0.26124197002141325,0.006423982869379015,0.017130620985010708,0.023554603854389723,0.11134903640256959,0.019271948608137045,0.017130620985010708,0.13704496788008566,0.019271948608137045,0.004282655246252677,0.10492505353319058,0.004282655246252677,0.0,0.042826552462526764,0.017130620985010708,0.047109207708779445,0.0,0.019271948608137045,0.047109207708779445,0.0021413276231263384,0.032119914346895075,0.014989293361884369,0.008565310492505354,0.0,0.0021413276231263384,0.014989293361884369,0.02569593147751606,1.0,1.0
0.29797979797979796,0.006734006734006734,0.018518518518518517,0.025252525252525252,0.09595959595959595,0.050505050505050504,0.011784511784511785,0.07575757575757576,0.010101010101010102,0.008417508417508417,0.10942760942760943,0.0016835016835016834,0.0,0.04713804713804714,0.018518518518518517,0.06060606060606061,0.0,0.018518518518518517,0.03198653198653199,0.0,0.04713804713804714,0.018518518518518517,0.008417508417508417,0.0,0.003367003367003367,0.018518518518518517,0.015151515151515152,1.0,1.0
0.23821989528795812,0.0,0.013089005235602094,0.020942408376963352,0.13612565445026178,0.03664921465968586,0.01832460732984293,0.09162303664921466,0.015706806282722512,0.02617801047120419,0.07329842931937172,0.007853403141361256,0.002617801047120419,0.028795811518324606,0.007853403141361256,0.06806282722513089,0.0,0.007853403141361256,0.03926701570680628,0.0,0.08376963350785341,0.015706806282722512,0.005235602094240838,0.002617801047120419,0.010471204188481676,0.02356020942408377,0.02617801047120419,1.0,1.0
0.3983739837398374,0.0040650406504065045,0.008130081300813009,0.0040650406504065045,0.08536585365853659,0.0040650406504065045,0.012195121951219513,0.07723577235772358,0.0040650406504065045,0.016260162601626018,0.06504065040650407,0.008130081300813009,0.0,0.044715447154471545,0.012195121951219513,0.14227642276422764,0.0,0.012195121951219513,0.008130081300813009,0.0,0.04878048780487805,0.0040650406504065045,0.0040650406504065045,0.0,0.0,0.016260162601626018,0.02032520325203252,1.0,1.0
0.36619718309859156,0.0,0.0,0.0,0.11267605633802817,0.035211267605633804,0.014084507042253521,0.07746478873239436,0.014084507042253521,0.0,0.056338028169014086,0.0,0.0,0.02112676056338028,0.0,0.2112676056338028,0.0,0.014084507042253521,0.04225352112676056,0.0,0.02112676056338028,0.007042253521126761,0.0,0.0,0.0,0.0,0.007042253521126761,1.0,1.0
0.25806451612903225,0.008797653958944282,0.017595307917888565,0.026392961876832845,0.07331378299120235,0.02932551319648094,0.017595307917888565,0.09090909090909091,0.008797653958944282,0.0,0.08504398826979472,0.002932551319648094,0.0,0.04105571847507331,0.008797653958944282,0.10850439882697947,0.0,0.011730205278592375,0.07038123167155426,0.0,0.08211143695014662,0.026392961876832845,0.005865102639296188,0.002932551319648094,0.0,0.01466275659824047,0.008797653958944282,1.0,0.0
0.28171091445427726,0.008849557522123894,0.017699115044247787,0.03392330383480826,0.08997050147492626,0.03392330383480826,0.01327433628318584,0.11356932153392331,0.01327433628318584,0.007374631268436578,0.084070796460177,0.0058997050147492625,0.0,0.028023598820058997,0.004424778761061947,0.06342182890855458,0.0,0.02359882005899705,0.048672566371681415,0.0,0.05014749262536873,0.02654867256637168,0.008849557522123894,0.004424778761061947,0.0014749262536873156,0.016224188790560472,0.02064896755162242,1.0,0.0
0.2246376811594203,0.00966183574879227,0.021739130434782608,0.036231884057971016,0.14009661835748793,0.036231884057971016,0.007246376811594203,0.11352657004830918,0.01932367149758454,0.00966183574879227,0.05555555555555555,0.0024154589371980675,0.0024154589371980675,0.03864734299516908,0.016908212560386472,0.09178743961352658,0.0024154589371980675,0.016908212560386472,0.028985507246376812,0.0,0.07004830917874397,0.007246376811594203,0.00966183574879227,0.0024154589371980675,0.0,0.024154589371980676,0.012077294685990338,1.0,0.0
0.2643171806167401,0.0,0.022026431718061675,0.024229074889867842,0.13876651982378854,0.028634361233480177,0.019823788546255508,0.10352422907488987,0.013215859030837005,0.006607929515418502,0.09691629955947137,0.013215859030837005,0.0,0.046255506607929514,0.006607929515418502,0.046255506607929514,0.0,0.019823788546255508,0.05066079295154185,0.0,0.046255506607929514,0.011013215859030838,0.011013215859030838,0.0022026431718061676,0.004405286343612335,0.019823788546255508,0.004405286343612335,0.0,1.0
0.3131067961165049,0.0,0.012135922330097087,0.03640776699029126,0.08495145631067962,0.024271844660194174,0.01699029126213592,0.12864077669902912,0.012135922330097087,0.007281553398058253,0.07766990291262135,0.0,0.0,0.050970873786407765,0.0,0.10436893203883495,0.0,0.014563106796116505,0.03398058252427184,0.0,0.03640776699029126,0.014563106796116505,0.007281553398058253,0.0048543689320388345,0.0,0.014563106796116505,0.0048543689320388345,0.0,1.0
0.29836829836829837,0.011655011655011656,0.016317016317016316,0.018648018648018648,0.13986013986013987,0.023310023310023312,0.016317016317016316,0.10722610722610723,0.016317016317016316,0.018648018648018648,0.07226107226107226,0.006993006993006993,0.0,0.027972027972027972,0.006993006993006993,0.07226107226107226,0.0,0.018648018648018648,0.023310023310023312,0.0,0.05128205128205128,0.023310023310023312,0.002331002331002331,0.004662004662004662,0.0,0.009324009324009324,0.013986013986013986,0.0,1.0
0.23268698060941828,0.008310249307479225,0.027700831024930747,0.024930747922437674,0.10803324099722991,0.0221606648199446,0.00554016620498615,0.12465373961218837,0.0332409972299169,0.0110803324099723,0.11080332409972299,0.0110803324099723,0.0,0.024930747922437674,0.01662049861495845,0.05817174515235457,0.0,0.0332409972299169,0.038781163434903045,0.0,0.06925207756232687,0.013850415512465374,0.002770083102493075,0.002770083102493075,0.0,0.0,0.019390581717451522,1.0,0.0
0.2863741339491917,0.009237875288683603,0.016166281755196306,0.004618937644341801,0.06697459584295612,0.018475750577367205,0.013856812933025405,0.10161662817551963,0.018475750577367205,0.016166281755196306,0.12471131639722864,0.0023094688221709007,0.004618937644341801,0.03926096997690531,0.013856812933025405,0.10161662817551963,0.0,0.018475750577367205,0.03002309468822171,0.0,0.05542725173210162,0.020785219399538105,0.006928406466512702,0.0023094688221709007,0.0,0.009237875288683603,0.018475750577367205,1.0,0.0
0.2793791574279379,0.0,0.015521064301552107,0.015521064301552107,0.09977827050997783,0.03991130820399113,0.031042128603104215,0.07760532150776053,0.015521064301552107,0.0022172949002217295,0.0975609756097561,0.008869179600886918,0.0,0.04434589800443459,0.0066518847006651885,0.05543237250554324,0.0,0.011086474501108648,0.037694013303769404,0.0,0.07760532150776053,0.015521064301552107,0.008869179600886918,0.0,0.0,0.028824833702882482,0.031042128603104215,1.0,0.0
0.2854609929078014,0.0070921985815602835,0.02127659574468085,0.030141843971631204,0.10815602836879433,0.03723404255319149,0.014184397163120567,0.12056737588652482,0.015957446808510637,0.012411347517730497,0.09219858156028368,0.0017730496453900709,0.0,0.026595744680851064,0.0070921985815602835,0.06205673758865248,0.0,0.015957446808510637,0.024822695035460994,0.0,0.06205673758865248,0.010638297872340425,0.0070921985815602835,0.0017730496453900709,0.0,0.008865248226950355,0.026595744680851064,1.0,0.0
0.2722222222222222,0.0,0.03333333333333333,0.027777777777777776,0.09166666666666666,0.013888888888888888,0.019444444444444445,0.11666666666666667,0.016666666666666666,0.013888888888888888,0.1388888888888889,0.0,0.002777777777777778,0.041666666666666664,0.027777777777777776,0.03333333333333333,0.0,0.025,0.030555555555555555,0.0,0.041666666666666664,0.022222222222222223,0.013888888888888888,0.0,0.002777777777777778,0.005555555555555556,0.008333333333333333,1.0,0.0
0.25203252032520324,0.008130081300813009,0.02032520325203252,0.018292682926829267,0.10772357723577236,0.036585365853658534,0.02032520325203252,0.11382113821138211,0.022357723577235773,0.016260162601626018,0.11382113821138211,0.008130081300813009,0.0,0.034552845528455285,0.016260162601626018,0.06097560975609756,0.0,0.006097560975609756,0.014227642276422764,0.0020325203252032522,0.0508130081300813,0.016260162601626018,0.008130081300813009,0.0020325203252032522,0.006097560975609756,0.028455284552845527,0.016260162601626018,1.0,0.0
0.2597701149425287,0.0022988505747126436,0.02528735632183908,0.0367816091954023,0.12873563218390804,0.022988505747126436,0.022988505747126436,0.10804597701149425,0.009195402298850575,0.016091954022988506,0.08045977011494253,0.0,0.0022988505747126436,0.022988505747126436,0.011494252873563218,0.07586206896551724,0.0,0.011494252873563218,0.027586206896551724,0.0,0.08505747126436781,0.0022988505747126436,0.006896551724137931,0.0,0.004597701149425287,0.022988505747126436,0.013793103448275862,1.0,0.0
0.26732673267326734,0.006600660066006601,0.006600660066006601,0.0231023102310231,0.1188118811881188,0.0297029702970297,0.0297029702970297,0.10231023102310231,0.0165016501650165,0.0297029702970297,0.08250825082508251,0.0,0.0,0.0231023102310231,0.013201320132013201,0.0627062706270627,0.0,0.009900990099009901,0.0297029702970297,0.0,0.066006600660066,0.026402640264026403,0.009900990099009901,0.0,0.0,0.0165016501650165,0.0297029702970297,0.0,0.0
0.18518518518518517,0.0,0.009259259259259259,0.018518518518518517,0.12037037037037036,0.046296296296296294,0.0,0.018518518518518517,0.027777777777777776,0.027777777777777776,0.037037037037037035,0.0,0.009259259259259259,0.07407407407407407,0.018518518518518517,0.26851851851851855,0.0,0.0,0.009259259259259259,0.0,0.09259259259259259,0.0,0.0,0.0,0.009259259259259259,0.009259259259259259,0.018518518518518517,0.0,0.0
0.29850746268656714,0.004975124378109453,0.024875621890547265,0.022388059701492536,0.10945273631840796,0.017412935323383085,0.01616915422885572,0.1281094527363184,0.004975124378109453,0.009950248756218905,0.13930348258706468,0.006218905472636816,0.0024875621890547263,0.02736318407960199,0.007462686567164179,0.03855721393034826,0.0,0.012437810945273632,0.02736318407960199,0.0,0.03855721393034826,0.017412935323383085,0.012437810945273632,0.0,0.004975124378109453,0.01616915422885572,0.012437810945273632,0.0,0.0
0.20797720797720798,0.005698005698005698,0.011396011396011397,0.037037037037037035,0.1168091168091168,0.014245014245014245,0.014245014245014245,0.16809116809116809,0.005698005698005698,0.03418803418803419,0.09116809116809117,0.011396011396011397,0.0,0.042735042735042736,0.011396011396011397,0.05413105413105413,0.0,0.014245014245014245,0.02849002849002849,0.002849002849002849,0.06837606837606838,0.014245014245014245,0.008547008547008548,0.002849002849002849,0.0,0.019943019943019943,0.014245014245014245,0.0,0.0
0.2647058823529412,0.003676470588235294,0.011029411764705883,0.029411764705882353,0.1213235294117647,0.03676470588235294,0.022058823529411766,0.10294117647058823,0.003676470588235294,0.011029411764705883,0.08823529411764706,0.003676470588235294,0.003676470588235294,0.06985294117647059,0.011029411764705883,0.058823529411764705,0.0,0.007352941176470588,0.029411764705882353,0.0,0.04411764705882353,0.007352941176470588,0.022058823529411766,0.0,0.003676470588235294,0.014705882352941176,0.029411764705882353,1.0,1.0
0.25510204081632654,0.015306122448979591,0.00510204081632653,0.01020408163265306,0.1326530612244898,0.04591836734693878,0.00510204081632653,0.08163265306122448,0.01020408163265306,0.00510204081632653,0.08673469387755102,0.0,0.0,0.05102040816326531,0.01020408163265306,0.12244897959183673,0.0,0.0,0.01020408163265306,0.0,0.07142857142857142,0.03571428571428571,0.01020408163265306,0.01020408163265306,0.0,0.02040816326530612,0.00510204081632653,1.0,1.0
0.2746987951807229,0.004819277108433735,0.02891566265060241,0.03614457831325301,0.07228915662650602,0.00963855421686747,0.014457831325301205,0.12048192771084337,0.012048192771084338,0.021686746987951807,0.10602409638554217,0.007228915662650603,0.0024096385542168677,0.012048192771084338,0.012048192771084338,0.1108433734939759,0.0,0.004819277108433735,0.014457831325301205,0.0,0.060240963855421686,0.016867469879518072,0.007228915662650603,0.0,0.0,0.014457831325301205,0.03614457831325301,1.0,1.0
0.3022312373225152,0.010141987829614604,0.02028397565922921,0.032454361054766734,0.11359026369168357,0.02434077079107505,0.010141987829614604,0.0973630831643002,0.02434077079107505,0.014198782961460446,0.09533468559837728,0.004056795131845842,0.002028397565922921,0.032454361054766734,0.010141987829614604,0.038539553752535496,0.002028397565922921,0.012170385395537525,0.02636916835699797,0.004056795131845842,0.05070993914807302,0.028397565922920892,0.012170385395537525,0.006085192697768763,0.002028397565922921,0.008113590263691683,0.016227180527383367,1.0,1.0
0.3235294117647059,0.012605042016806723,0.029411764705882353,0.029411764705882353,0.07983193277310924,0.03361344537815126,0.025210084033613446,0.08403361344537816,0.008403361344537815,0.01050420168067227,0.058823529411764705,0.004201680672268907,0.0,0.031512605042016806,0.008403361344537815,0.07773109243697479,0.0,0.012605042016806723,0.02100840336134454,0.0021008403361344537,0.0546218487394958,0.01680672268907563,0.0063025210084033615,0.0,0.01050420168067227,0.029411764705882353,0.029411764705882353,1.0,1.0
0.26732673267326734,0.0,0.009900990099009901,0.0297029702970297,0.09653465346534654,0.03217821782178218,0.009900990099009901,0.10396039603960396,0.007425742574257425,0.024752475247524754,0.14108910891089108,0.007425742574257425,0.0049504950495049506,0.027227722772277228,0.009900990099009901,0.04455445544554455,0.0,0.024752475247524754,0.03712871287128713,0.0,0.034653465346534656,0.03712871287128713,0.009900990099009901,0.0,0.007425742574257425,0.009900990099009901,0.022277227722772276,1.0,1.0
0.2625,0.009722222222222222,0.022222222222222223,0.04027777777777778,0.11805555555555555,0.043055555555555555,0.018055555555555554,0.10138888888888889,0.015277777777777777,0.002777777777777778,0.09722222222222222,0.004166666666666667,0.001388888888888889,0.041666666666666664,0.005555555555555556,0.04583333333333333,0.0,0.006944444444444444,0.041666666666666664,0.0,0.04027777777777778,0.013888888888888888,0.008333333333333333,0.004166666666666667,0.005555555555555556,0.019444444444444445,0.030555555555555555,1.0,1.0
0.0,0.0,0.0,0.2222222222222222,0.3333333333333333,0.1111111111111111,0.1111111111111111,0.0,0.0,0.0,0.1111111111111111,0.0,0.0,0.0,0.1111111111111111,0.0,0.0,0.0,0.0,0.0,0.0,0.0,0.0,0.0,0.0,0.0,0.0,1.0,1.0
0.2923076923076923,0.0,0.007692307692307693,0.015384615384615385,0.10256410256410256,0.03333333333333333,0.017948717948717947,0.1,0.015384615384615385,0.015384615384615385,0.07948717948717948,0.002564102564102564,0.0,0.038461538461538464,0.015384615384615385,0.041025641025641026,0.0,0.015384615384615385,0.035897435897435895,0.0,0.10512820512820513,0.007692307692307693,0.010256410256410256,0.007692307692307693,0.0,0.02564102564102564,0.015384615384615385,1.0,1.0
0.3275862068965517,0.0034482758620689655,0.03103448275862069,0.020689655172413793,0.06896551724137931,0.020689655172413793,0.010344827586206896,0.07931034482758621,0.017241379310344827,0.013793103448275862,0.09655172413793103,0.0,0.0,0.034482758620689655,0.010344827586206896,0.07586206896551724,0.0,0.006896551724137931,0.013793103448275862,0.0,0.07931034482758621,0.020689655172413793,0.010344827586206896,0.0034482758620689655,0.0,0.027586206896551724,0.027586206896551724,0.0,1.0
0.21204819277108433,0.0024096385542168677,0.024096385542168676,0.01927710843373494,0.1108433734939759,0.021686746987951807,0.016867469879518072,0.14698795180722893,0.03132530120481928,0.024096385542168676,0.11325301204819277,0.007228915662650603,0.014457831325301205,0.043373493975903614,0.004819277108433735,0.04819277108433735,0.0,0.014457831325301205,0.024096385542168676,0.0,0.05542168674698795,0.016867469879518072,0.012048192771084338,0.0024096385542168677,0.0,0.014457831325301205,0.01927710843373494,0.0,0.0
0.24573378839590443,0.006825938566552901,0.017064846416382253,0.017064846416382253,0.08873720136518772,0.034129692832764506,0.013651877133105802,0.07167235494880546,0.013651877133105802,0.010238907849829351,0.05802047781569966,0.017064846416382253,0.0,0.04778156996587031,0.013651877133105802,0.13993174061433447,0.0,0.013651877133105802,0.05460750853242321,0.0034129692832764505,0.07508532423208192,0.013651877133105802,0.006825938566552901,0.010238907849829351,0.0034129692832764505,0.017064846416382253,0.006825938566552901,0.0,0.0
0.2582781456953642,0.0016556291390728477,0.026490066225165563,0.029801324503311258,0.08112582781456953,0.02152317880794702,0.02152317880794702,0.12417218543046357,0.016556291390728478,0.011589403973509934,0.152317880794702,0.0033112582781456954,0.0,0.024834437086092714,0.02152317880794702,0.019867549668874173,0.0,0.006622516556291391,0.026490066225165563,0.0,0.06291390728476821,0.018211920529801324,0.011589403973509934,0.0,0.0033112582781456954,0.026490066225165563,0.029801324503311258,0.0,0.0
0.2948207171314741,0.01195219123505976,0.01195219123505976,0.02390438247011952,0.11952191235059761,0.01195219123505976,0.00398406374501992,0.05179282868525897,0.02390438247011952,0.01593625498007968,0.07569721115537849,0.00398406374501992,0.0,0.03187250996015936,0.0,0.13147410358565736,0.0,0.00796812749003984,0.043824701195219126,0.0,0.07171314741035857,0.0199203187250996,0.01195219123505976,0.0,0.00398406374501992,0.027888446215139442,0.0,0.0,0.0
0.2512,0.0096,0.0416,0.04,0.128,0.0224,0.0096,0.1248,0.0144,0.0112,0.096,0.0032,0.0016,0.0448,0.0112,0.048,0.0,0.0256,0.0288,0.0016,0.04,0.0128,0.0048,0.0016,0.008,0.0112,0.008,0.0,0.0
0.25559105431309903,0.001597444089456869,0.03194888178913738,0.039936102236421724,0.10063897763578275,0.023961661341853034,0.01757188498402556,0.11980830670926518,0.020766773162939296,0.01757188498402556,0.1182108626198083,0.004792332268370607,0.001597444089456869,0.03194888178913738,0.011182108626198083,0.05591054313099041,0.0,0.01437699680511182,0.04153354632587859,0.0,0.036741214057507986,0.006389776357827476,0.006389776357827476,0.0,0.0,0.023961661341853034,0.01757188498402556,0.0,0.0
0.23076923076923078,0.0018315018315018315,0.016483516483516484,0.020146520146520148,0.14102564102564102,0.020146520146520148,0.016483516483516484,0.13003663003663005,0.016483516483516484,0.02564102564102564,0.10989010989010989,0.009157509157509158,0.005494505494505495,0.029304029304029304,0.020146520146520148,0.05311355311355311,0.0,0.009157509157509158,0.020146520146520148,0.0,0.054945054945054944,0.007326007326007326,0.01098901098901099,0.005494505494505495,0.007326007326007326,0.027472527472527472,0.01098901098901099,0.0,0.0
0.24615384615384617,0.002564102564102564,0.038461538461538464,0.03333333333333333,0.11282051282051282,0.03333333333333333,0.023076923076923078,0.07435897435897436,0.01282051282051282,0.007692307692307693,0.11538461538461539,0.002564102564102564,0.002564102564102564,0.03333333333333333,0.007692307692307693,0.12307692307692308,0.0,0.005128205128205128,0.04871794871794872,0.0,0.03076923076923077,0.010256410256410256,0.010256410256410256,0.0,0.002564102564102564,0.010256410256410256,0.01282051282051282,0.0,0.0
0.32142857142857145,0.0,0.026785714285714284,0.004464285714285714,0.12053571428571429,0.03125,0.017857142857142856,0.09375,0.017857142857142856,0.008928571428571428,0.05803571428571429,0.017857142857142856,0.004464285714285714,0.022321428571428572,0.026785714285714284,0.09375,0.0,0.004464285714285714,0.03571428571428571,0.0,0.049107142857142856,0.022321428571428572,0.004464285714285714,0.0,0.0,0.008928571428571428,0.008928571428571428,1.0,0.0
0.266260162601626,0.0040650406504065045,0.028455284552845527,0.026422764227642278,0.1443089430894309,0.022357723577235773,0.016260162601626018,0.0975609756097561,0.01016260162601626,0.014227642276422764,0.08943089430894309,0.0020325203252032522,0.0,0.03048780487804878,0.026422764227642278,0.05894308943089431,0.0,0.03048780487804878,0.034552845528455285,0.0,0.04065040650406504,0.01016260162601626,0.01016260162601626,0.0,0.0,0.012195121951219513,0.024390243902439025,0.0,1.0
0.2537313432835821,0.0042643923240938165,0.02771855010660981,0.023454157782515993,0.11087420042643924,0.023454157782515993,0.017057569296375266,0.10874200426439233,0.017057569296375266,0.010660980810234541,0.09381663113006397,0.006396588486140725,0.0021321961620469083,0.03837953091684435,0.010660980810234541,0.0767590618336887,0.0,0.010660980810234541,0.03624733475479744,0.0,0.05543710021321962,0.017057569296375266,0.017057569296375266,0.0021321961620469083,0.0021321961620469083,0.021321961620469083,0.01279317697228145,0.0,1.0
0.20995670995670995,0.008658008658008658,0.032467532467532464,0.03896103896103896,0.12337662337662338,0.021645021645021644,0.008658008658008658,0.16666666666666666,0.015151515151515152,0.03463203463203463,0.09307359307359307,0.0021645021645021645,0.0,0.047619047619047616,0.010822510822510822,0.049783549783549784,0.0,0.008658008658008658,0.03896103896103896,0.0,0.03463203463203463,0.0021645021645021645,0.008658008658008658,0.0,0.006493506493506494,0.023809523809523808,0.012987012987012988,0.0,1.0
0.2883817427385892,0.002074688796680498,0.024896265560165973,0.03734439834024896,0.11410788381742738,0.029045643153526972,0.008298755186721992,0.0995850622406639,0.012448132780082987,0.014522821576763486,0.0954356846473029,0.004149377593360996,0.0,0.026970954356846474,0.01867219917012448,0.06639004149377593,0.0,0.01037344398340249,0.029045643153526972,0.0,0.06016597510373444,0.012448132780082987,0.008298755186721992,0.002074688796680498,0.002074688796680498,0.01867219917012448,0.014522821576763486,0.0,1.0
0.258974358974359,0.005128205128205128,0.015384615384615385,0.02564102564102564,0.11794871794871795,0.02564102564102564,0.023076923076923078,0.12307692307692308,0.015384615384615385,0.01282051282051282,0.10256410256410256,0.0,0.002564102564102564,0.041025641025641026,0.017948717948717947,0.04871794871794872,0.0,0.007692307692307693,0.035897435897435895,0.0,0.05897435897435897,0.02564102564102564,0.005128205128205128,0.002564102564102564,0.002564102564102564,0.015384615384615385,0.010256410256410256,0.0,0.0
0.20581113801452786,0.004842615012106538,0.031476997578692496,0.031476997578692496,0.1089588377723971,0.01937046004842615,0.014527845036319613,0.1549636803874092,0.007263922518159807,0.004842615012106538,0.09927360774818401,0.002421307506053269,0.0,0.04116222760290557,0.021791767554479417,0.10411622276029056,0.0,0.007263922518159807,0.029055690072639227,0.0,0.053268765133171914,0.01694915254237288,0.0,0.0,0.002421307506053269,0.026634382566585957,0.012106537530266344,0.0,0.0
0.19154228855721392,0.007462686567164179,0.02736318407960199,0.02736318407960199,0.1517412935323383,0.04477611940298507,0.014925373134328358,0.12437810945273632,0.017412935323383085,0.012437810945273632,0.09701492537313433,0.009950248756218905,0.0,0.029850746268656716,0.014925373134328358,0.04975124378109453,0.0,0.012437810945273632,0.03482587064676617,0.0,0.05472636815920398,0.01990049751243781,0.012437810945273632,0.0024875621890547263,0.009950248756218905,0.014925373134328358,0.017412935323383085,0.0,0.0
0.23208191126279865,0.0,0.023890784982935155,0.027303754266211604,0.11262798634812286,0.023890784982935155,0.010238907849829351,0.10580204778156997,0.020477815699658702,0.03754266211604096,0.11945392491467577,0.0,0.0,0.030716723549488054,0.017064846416382253,0.05460750853242321,0.0,0.023890784982935155,0.03754266211604096,0.0,0.07508532423208192,0.017064846416382253,0.0034129692832764505,0.0034129692832764505,0.0034129692832764505,0.006825938566552901,0.013651877133105802,0.0,0.0
0.2448559670781893,0.00823045267489712,0.024691358024691357,0.01646090534979424,0.11934156378600823,0.018518518518518517,0.01646090534979424,0.10493827160493827,0.024691358024691357,0.02263374485596708,0.11522633744855967,0.0,0.0,0.0411522633744856,0.012345679012345678,0.03909465020576132,0.0,0.01646090534979424,0.02263374485596708,0.0,0.05555555555555555,0.018518518518518517,0.0205761316872428,0.0,0.00411522633744856,0.02880658436213992,0.024691358024691357,0.0,0.0
0.26243093922651933,0.011049723756906077,0.027624309392265192,0.0055248618784530384,0.10773480662983426,0.022099447513812154,0.019337016574585635,0.07458563535911603,0.013812154696132596,0.027624309392265192,0.1712707182320442,0.008287292817679558,0.0,0.027624309392265192,0.016574585635359115,0.03038674033149171,0.0,0.008287292817679558,0.024861878453038673,0.0,0.055248618784530384,0.013812154696132596,0.013812154696132596,0.0,0.0,0.03038674033149171,0.027624309392265192,0.0,0.0
0.24008810572687225,0.01762114537444934,0.03303964757709251,0.02643171806167401,0.11233480176211454,0.030837004405286344,0.024229074889867842,0.16519823788546256,0.013215859030837005,0.011013215859030838,0.1013215859030837,0.0022026431718061676,0.0,0.039647577092511016,0.006607929515418502,0.039647577092511016,0.0,0.019823788546255508,0.022026431718061675,0.0022026431718061676,0.05506607929515418,0.00881057268722467,0.0022026431718061676,0.0,0.0022026431718061676,0.006607929515418502,0.01762114537444934,0.0,0.0
0.279874213836478,0.0,0.015723270440251572,0.012578616352201259,0.11320754716981132,0.025157232704402517,0.012578616352201259,0.11006289308176101,0.0220125786163522,0.018867924528301886,0.07861635220125786,0.006289308176100629,0.0,0.040880503144654086,0.012578616352201259,0.08490566037735849,0.0,0.0220125786163522,0.009433962264150943,0.0,0.0660377358490566,0.025157232704402517,0.009433962264150943,0.0,0.0,0.0220125786163522,0.012578616352201259,0.0,0.0
0.2823920265780731,0.0,0.019933554817275746,0.016611295681063124,0.1362126245847176,0.029900332225913623,0.0033222591362126247,0.11295681063122924,0.0033222591362126247,0.0033222591362126247,0.11295681063122924,0.0,0.0,0.03986710963455149,0.016611295681063124,0.06312292358803986,0.0,0.016611295681063124,0.029900332225913623,0.0,0.053156146179401995,0.023255813953488372,0.009966777408637873,0.0,0.0,0.006644518272425249,0.019933554817275746,0.0,0.0
0.30532212885154064,0.0,0.03081232492997199,0.014005602240896359,0.08123249299719888,0.01680672268907563,0.014005602240896359,0.11764705882352941,0.0028011204481792717,0.025210084033613446,0.0784313725490196,0.0,0.0056022408963585435,0.04481792717086835,0.0196078431372549,0.047619047619047616,0.0,0.0196078431372549,0.0392156862745098,0.0,0.06722689075630252,0.01680672268907563,0.014005602240896359,0.0,0.0028011204481792717,0.028011204481792718,0.008403361344537815,0.0,0.0
0.25831202046035806,0.0,0.0076726342710997444,0.028132992327365727,0.09974424552429667,0.028132992327365727,0.02557544757033248,0.06649616368286446,0.015345268542199489,0.020460358056265986,0.1534526854219949,0.005115089514066497,0.0,0.020460358056265986,0.03836317135549872,0.03580562659846547,0.0025575447570332483,0.010230179028132993,0.015345268542199489,0.0,0.07161125319693094,0.02557544757033248,0.01278772378516624,0.0025575447570332483,0.0025575447570332483,0.028132992327365727,0.02557544757033248,0.0,0.0
0.2704626334519573,0.0,0.0071174377224199285,0.021352313167259787,0.17437722419928825,0.028469750889679714,0.021352313167259787,0.028469750889679714,0.028469750889679714,0.042704626334519574,0.12811387900355872,0.0035587188612099642,0.0035587188612099642,0.014234875444839857,0.046263345195729534,0.042704626334519574,0.0,0.017793594306049824,0.0071174377224199285,0.0,0.0498220640569395,0.010676156583629894,0.021352313167259787,0.0035587188612099642,0.0,0.02491103202846975,0.0035587188612099642,0.0,0.0
0.24912280701754386,0.005263157894736842,0.02280701754385965,0.028070175438596492,0.13333333333333333,0.01929824561403509,0.01929824561403509,0.09473684210526316,0.021052631578947368,0.015789473684210527,0.0824561403508772,0.007017543859649123,0.0,0.03684210526315789,0.02631578947368421,0.07368421052631578,0.0,0.02456140350877193,0.028070175438596492,0.0017543859649122807,0.05964912280701754,0.010526315789473684,0.005263157894736842,0.0,0.0,0.02280701754385965,0.012280701754385965,0.0,0.0
0.18013856812933027,0.011547344110854504,0.016166281755196306,0.053117782909930716,0.13625866050808313,0.018475750577367205,0.009237875288683603,0.11778290993071594,0.006928406466512702,0.020785219399538105,0.10161662817551963,0.009237875288683603,0.004618937644341801,0.04387990762124711,0.023094688221709007,0.09006928406466513,0.0,0.016166281755196306,0.023094688221709007,0.0,0.053117782909930716,0.023094688221709007,0.004618937644341801,0.006928406466512702,0.0,0.020785219399538105,0.009237875288683603,0.0,0.0
0.27139874739039666,0.0,0.016701461377870562,0.04175365344467641,0.09603340292275574,0.027139874739039668,0.018789144050104383,0.13569937369519833,0.006263048016701462,0.025052192066805846,0.081419624217119,0.010438413361169102,0.0041753653444676405,0.037578288100208766,0.020876826722338204,0.05010438413361169,0.0,0.008350730688935281,0.031315240083507306,0.0,0.054279749478079335,0.008350730688935281,0.010438413361169102,0.0041753653444676405,0.0041753653444676405,0.018789144050104383,0.016701461377870562,0.0,0.0
0.2367816091954023,0.0022988505747126436,0.011494252873563218,0.02528735632183908,0.1310344827586207,0.013793103448275862,0.013793103448275862,0.11724137931034483,0.020689655172413793,0.016091954022988506,0.09655172413793103,0.0022988505747126436,0.004597701149425287,0.06896551724137931,0.016091954022988506,0.07126436781609195,0.0,0.01839080459770115,0.02528735632183908,0.0,0.052873563218390804,0.009195402298850575,0.0022988505747126436,0.0,0.0022988505747126436,0.009195402298850575,0.03218390804597701,1.0,1.0
0.2857142857142857,0.0,0.0,0.0,0.125,0.0,0.0,0.017857142857142856,0.0,0.0,0.17857142857142858,0.0,0.0,0.08928571428571429,0.03571428571428571,0.07142857142857142,0.0,0.0,0.03571428571428571,0.0,0.125,0.017857142857142856,0.0,0.0,0.0,0.0,0.017857142857142856,1.0,0.0
0.2505399568034557,0.012958963282937365,0.017278617710583154,0.02591792656587473,0.15982721382289417,0.012958963282937365,0.028077753779697623,0.09935205183585313,0.017278617710583154,0.012958963282937365,0.09935205183585313,0.0021598272138228943,0.008639308855291577,0.04103671706263499,0.0021598272138228943,0.0367170626349892,0.0,0.01511879049676026,0.02591792656587473,0.0,0.08639308855291576,0.01511879049676026,0.0064794816414686825,0.0,0.004319654427645789,0.008639308855291577,0.01079913606911447,1.0,0.0
0.2857142857142857,0.0,0.008403361344537815,0.008403361344537815,0.1092436974789916,0.025210084033613446,0.01680672268907563,0.04201680672268908,0.03361344537815126,0.01680672268907563,0.07563025210084033,0.0,0.0,0.03361344537815126,0.008403361344537815,0.2184873949579832,0.0,0.0,0.025210084033613446,0.0,0.06722689075630252,0.01680672268907563,0.0,0.0,0.0,0.008403361344537815,0.0,0.0,0.0
0.2857142857142857,0.0027472527472527475,0.01098901098901099,0.02197802197802198,0.1043956043956044,0.038461538461538464,0.02197802197802198,0.08516483516483517,0.01098901098901099,0.03021978021978022,0.09065934065934066,0.0,0.005494505494505495,0.046703296703296704,0.01098901098901099,0.08516483516483517,0.0,0.01098901098901099,0.008241758241758242,0.0,0.054945054945054944,0.013736263736263736,0.01098901098901099,0.0027472527472527475,0.0,0.02197802197802198,0.024725274725274724,0.0,0.0
0.24175824175824176,0.007326007326007326,0.023809523809523808,0.018315018315018316,0.10256410256410256,0.023809523809523808,0.018315018315018316,0.12637362637362637,0.009157509157509158,0.009157509157509158,0.08791208791208792,0.0018315018315018315,0.0,0.023809523809523808,0.020146520146520148,0.08791208791208792,0.0,0.02197802197802198,0.038461538461538464,0.0,0.05860805860805861,0.018315018315018316,0.007326007326007326,0.003663003663003663,0.0018315018315018315,0.014652014652014652,0.03296703296703297,0.0,0.0
0.27182866556836904,0.0032948929159802307,0.013179571663920923,0.019769357495881382,0.1070840197693575,0.04942339373970346,0.011532125205930808,0.09225700164744646,0.018121911037891267,0.011532125205930808,0.10049423393739704,0.004942339373970346,0.0,0.036243822075782535,0.019769357495881382,0.047775947281713346,0.0016474464579901153,0.013179571663920923,0.02800658978583196,0.0,0.06589785831960461,0.014827018121911038,0.008237232289950576,0.006589785831960461,0.0016474464579901153,0.026359143327841845,0.026359143327841845,0.0,0.0
0.28217821782178215,0.0,0.022277227722772276,0.027227722772277228,0.13613861386138615,0.022277227722772276,0.01485148514851485,0.08663366336633663,0.007425742574257425,0.009900990099009901,0.10396039603960396,0.007425742574257425,0.0,0.01485148514851485,0.012376237623762377,0.06435643564356436,0.0,0.022277227722772276,0.034653465346534656,0.0,0.05693069306930693,0.019801980198019802,0.012376237623762377,0.0024752475247524753,0.0,0.024752475247524754,0.01485148514851485,0.0,0.0
0.19195046439628483,0.009287925696594427,0.034055727554179564,0.030959752321981424,0.13312693498452013,0.018575851393188854,0.02476780185758514,0.12074303405572756,0.006191950464396285,0.02476780185758514,0.10526315789473684,0.0030959752321981426,0.0,0.07430340557275542,0.01238390092879257,0.04953560371517028,0.0,0.01238390092879257,0.018575851393188854,0.0030959752321981426,0.07120743034055728,0.015479876160990712,0.015479876160990712,0.0030959752321981426,0.006191950464396285,0.006191950464396285,0.009287925696594427,0.0,0.0
0.26062846580406657,0.005545286506469501,0.025878003696857672,0.024029574861367836,0.08133086876155268,0.02033271719038817,0.022181146025878003,0.13123844731977818,0.0073937153419593345,0.022181146025878003,0.09981515711645102,0.0073937153419593345,0.0018484288354898336,0.04066543438077634,0.025878003696857672,0.051756007393715345,0.0,0.0166358595194085,0.04251386321626617,0.0,0.05545286506469501,0.009242144177449169,0.0018484288354898336,0.0018484288354898336,0.0018484288354898336,0.018484288354898338,0.024029574861367836,0.0,0.0
